"氏名","ふりがな","氏名ふりがな"
"菊田順一","きくたじゅんいち","菊田順一（きくたじゅんいち）"
"-","-","-（-）"
"佐藤としのぶ","さとうとしのぶ","佐藤としのぶ（さとうとしのぶ）"
"天野久","あまのきゅう","天野久（あまのきゅう）"
"大野はるひこ","おおのはるひこ","大野はるひこ（おおのはるひこ）"
"熊倉ふみ子","くまくらふみこ","熊倉ふみ子（くまくらふみこ）"
"大野治彦","おおのはるひこ","大野治彦（おおのはるひこ）"
"横山れい子","よこやまれいこ","横山れい子（よこやまれいこ）"
"内田けんいちろう","うちだけんいちろう","内田けんいちろう（うちだけんいちろう）"
"難波英一","なんばえいいち","難波英一（なんばえいいち）"
"はぎわら洋一","はぎわらよういち","はぎわら洋一（はぎわらよういち）"
"いしだ圭一郎","いしだけいいちろう","いしだ圭一郎（いしだけいいちろう）"
"栗山秀男","くりやまひでお","栗山秀男（くりやまひでお）"
"成島ゆかり","なるしまゆかり","成島ゆかり（なるしまゆかり）"
"元山芳行","もとやまよしゆき","元山芳行（もとやまよしゆき）"
"しのだつよし","しのだつよし","しのだつよし（しのだつよし）"
"遠藤千代子","えんどうちよこ","遠藤千代子（えんどうちよこ）"
"しば佳代子","しばかよこ","しば佳代子（しばかよこ）"
"山内金久","やまうちかねひさ","山内金久（やまうちかねひさ）"
"山田貴之","やまだたかゆき","山田貴之（やまだたかゆき）"
"白井よう子","しらいようこ","白井よう子（しらいようこ）"
"秦源彦","しんげんひこ","秦源彦（しんげんひこ）"
"しいなひろみ","しいなひろみ","しいなひろみ（しいなひろみ）"
"松崎","まつざき","松崎（まつざき）"
"井上温子","いのうえあつこ","井上温子（いのうえあつこ）"
"風間正昭","かざままさあき","風間正昭（かざままさあき）"
"小林おとみ","こばやしおとみ","小林おとみ（こばやしおとみ）"
"田中いさお","たなかいさお","田中いさお（たなかいさお）"
"おばた健太郎","おばたけんたろう","おばた健太郎（おばたけんたろう）"
"川口雅敏","かわぐちまさとし","川口雅敏（かわぐちまさとし）"
"高橋りゅうたろう","たかはしりゅうたろう","高橋りゅうたろう（たかはしりゅうたろう）"
"長瀬達也","ながせたつや","長瀬達也（ながせたつや）"
"小野田みか","おのだみか","小野田みか（おのだみか）"
"いわい桐子","いわいきりこ","いわい桐子（いわいきりこ）"
"南雲由子","なぐもゆうこ","南雲由子（なぐもゆうこ）"
"大野きくお","おおのきくお","大野きくお（おおのきくお）"
"荒川なお","あらかわなお","荒川なお（あらかわなお）"
"松岡しげゆき","まつおかしげゆき","松岡しげゆき（まつおかしげゆき）"
"稲永壽廣","いねながじゅこう","稲永壽廣（いねながじゅこう）"
"石川すみえ","いしかわすみえ","石川すみえ（いしかわすみえ）"
"高橋正憲","たかはしまさのり","高橋正憲（たかはしまさのり）"
"郷野洋次郎","ごうのようじろう","郷野洋次郎（ごうのようじろう）"
"こんどう秀人","こんどうひでと","こんどう秀人（こんどうひでと）"
"中村とらあき","なかむらとらあき","中村とらあき（なかむらとらあき）"
"吉田豊明","よしだとよあけ","吉田豊明（よしだとよあけ）"
"松村けい子","まつむらけいこ","松村けい子（まつむらけいこ）"
"坂本あずまお","さかもとあずまお","坂本あずまお（さかもとあずまお）"
"田中やすのり","たなかやすのり","田中やすのり（たなかやすのり）"
"間中りんぺい","あいだじゅうりんぺい","間中りんぺい（あいだじゅうりんぺい）"
"山田ひでき","やまだひでき","山田ひでき（やまだひでき）"
"田中順一","たなかじゅんいち","田中順一（たなかじゅんいち）"
"すえよし不二夫","すえよしふじお","すえよし不二夫（すえよしふじお）"
"河野ゆうき","こうのゆうき","河野ゆうき（こうのゆうき）"
"かなざき文子","かなざきふみこ","かなざき文子（かなざきふみこ）"
"杉田ひろし","すぎたひろし","杉田ひろし（すぎたひろし）"
"竹内愛","たけうちあい","竹内愛（たけうちあい）"
"田中しゅんすけ","たなかしゅんすけ","田中しゅんすけ（たなかしゅんすけ）"
"高山しんご","こうざんしんご","高山しんご（こうざんしんご）"
"五十嵐やす子","いがらしやすこ","五十嵐やす子（いがらしやすこ）"
"まとば栄一","まとばえいいち","まとば栄一（まとばえいいち）"
"佐々木としたか","ささきとしたか","佐々木としたか（ささきとしたか）"
"かいべとも子","かいべともこ","かいべとも子（かいべともこ）"
"安井かずひろ","やすいかずひろ","安井かずひろ（やすいかずひろ）"
"川口","かわぐち","川口（かわぐち）"
"菅東一","かんとういち","菅東一（かんとういち）"
"佐藤康夫","さとうやすお","佐藤康夫（さとうやすお）"
"もちづき広太朗","もちづきひろたあきら","もちづき広太朗（もちづきひろたあきら）"
"中妻じょうた","なかつまじょうた","中妻じょうた（なかつまじょうた）"
"倉持和朗","くらもちかずお","倉持和朗（くらもちかずお）"
"鈴木こうすけ","すずきこうすけ","鈴木こうすけ（すずきこうすけ）"
"小野修悦","おのしゅうえつ","小野修悦（おのしゅうえつ）"
"佐藤悦彦","さとうえつひこ","佐藤悦彦（さとうえつひこ）"
"渡辺よしてる","わたなべよしてる","渡辺よしてる（わたなべよしてる）"
"木下達雄","きのしたたつお","木下達雄（きのしたたつお）"
"加藤幸雄","かとうゆきお","加藤幸雄（かとうゆきお）"
"寺田ひろし","てらだひろし","寺田ひろし（てらだひろし）"
"山内えり","やまうちえり","山内えり（やまうちえり）"
"平山セツ子","ひらやませつこ","平山セツ子（ひらやませつこ）"
"広山利文","ひろやまとしふみ","広山利文（ひろやまとしふみ）"
"石井勉","いしいつとむ","石井勉（いしいつとむ）"
"松島道昌","まつしまどうしょう","松島道昌（まつしまどうしょう）"
"大田伸一","おおたしんいち","大田伸一（おおたしんいち）"
"茂野善之","しげのよしゆき","茂野善之（しげのよしゆき）"
"おなだか勝","おなだかかち","おなだか勝（おなだかかち）"
"小林公彦","こばやしきみひこ","小林公彦（こばやしきみひこ）"
"高沢一基","たかざわいちもと","高沢一基（たかざわいちもと）"
"中野くにひこ","なかのくにひこ","中野くにひこ（なかのくにひこ）"
"中村静代","なかむらしずよ","中村静代（なかむらしずよ）"
"さかまき常行","さかまきつねゆき","さかまき常行（さかまきつねゆき）"
"安井一郎","やすいいちろう","安井一郎（やすいいちろう）"
"松崎いたる","まつざきいたる","松崎いたる（まつざきいたる）"
"桜井きよのり","さくらいきよのり","桜井きよのり（さくらいきよのり）"
"なんば英一","なんばえいいち","なんば英一（なんばえいいち）"
"大田ひろし","おおたひろし","大田ひろし（おおたひろし）"
"橋本祐幸","はしもとゆうこう","橋本祐幸（はしもとゆうこう）"
